Date,Open,High,Low,Close,Adj Close,Volume,Daily_Change,MA5,MA20,Volatility_20d,RSI,VIX_Level
2024-05-13 02:50:45.611308,22.483570765056164,22.734932407962372,22.28528030039878,22.651962703824704,22.331675831987653,169122,,,,,,Normal
2024-05-14 02:50:45.611308,19.308678494144075,20.238606210762665,18.827537339360614,19.094402118347748,19.495556178757717,771447,-15.705308330197255,,,,,Normal
2024-05-15 02:50:45.611308,23.23844269050346,23.252565243679086,22.75168393800822,23.41849172483335,23.185276563841633,673156,22.64584970864627,,,,,Normal
2024-05-16 02:50:45.611308,27.61514928204013,28.9543167112912,26.351968975637224,27.22129118386137,27.75395674647387,743407,16.238447393242982,,,,,High
2024-05-17 02:50:45.611308,18.829233126383322,18.8698665285749,18.488053165881016,18.559291714767262,18.600760330367425,516441,-31.820678198503416,22.18908788912689,,,,Normal
2024-05-18 02:50:45.611308,18.8293152152541,19.6682959447403,18.282711162369615,18.729676251722612,18.89928080325461,981718,0.9180551692055117,21.40463059870647,,,,Normal
2024-05-19 02:50:45.611308,27.896064077536955,28.632103275179894,27.01417982304988,27.88655976889132,27.855699319800316,368787,48.889705268271946,23.16306212881518,,,,High
2024-05-20 02:50:45.611308,23.837173645764544,25.02064735922589,23.821566903989893,24.03054610296616,23.89910867504174,586275,-13.827498615396483,23.285473004441748,,,,High
2024-05-21 02:50:45.611308,17.65262807032524,17.717763235832322,17.066969148376636,17.749697423632586,17.476815418865872,398871,-26.136936931942255,21.391154252395985,,,,Normal
2024-05-22 02:50:45.611308,22.712800217929825,23.34177930350241,22.510615450573894,22.675939187257956,22.874202199303525,209079,27.75394783387346,22.214483746894125,,,,Normal
2024-05-23 02:50:45.611308,17.682911535937688,18.53991608538332,16.83318546575629,17.56282334691059,17.875370794768497,952129,-22.54863976359808,21.981113165931724,,,,Normal
2024-05-24 02:50:45.611308,17.671351232148716,18.13354351880424,17.539997668285988,17.934897081600514,17.52118351766818,116029,2.118530303132471,19.990780628473562,,,,Normal
2024-05-25 02:50:45.611308,21.20981135783017,21.877282677016375,20.77010638539738,21.1628409382025,20.952566817466153,346353,17.99811753541394,19.41723959552083,,,,Normal
2024-05-26 02:50:45.611308,10.43359877671101,10.796556910225421,10.389073567088108,10.418382528206424,10.284493860734033,507442,-50.77039723244583,17.950976616435597,,,40.471460380945665,Low
2024-05-27 02:50:45.611308,11.375410837434837,11.633940405145763,10.80841812903443,11.2606183205387,11.423860361777313,294718,8.084131966282015,15.667912443091746,,,41.24236521025777,Low
2024-05-28 02:50:45.611308,17.188562353795135,17.72790341330278,16.756961841352965,17.340582923130604,17.24378612930608,521947,53.99316831032635,15.623464358335749,,,48.70201022731481,Normal
2024-05-29 02:50:45.611308,14.93584439832788,15.372205780457852,14.491215499538484,15.022628625937704,14.956768357030937,471602,-13.367222471517849,15.041010667203187,,,43.59611791275273,Low
2024-05-30 02:50:45.611308,21.571236662976368,22.54319129872827,21.498890534563138,21.390536319995523,21.39776968413996,996816,42.38877131704597,15.08654974356179,,,45.72010874488859,Normal
2024-05-31 02:50:45.611308,15.459879622393945,15.495009400861568,14.880164692697683,15.266189459509672,15.409282217269174,168926,-28.631104750566315,16.05611112982244,,,47.48926234176923,Low
2024-06-01 02:50:45.611308,12.938481493323543,13.120243344765756,12.802688511742927,13.008543099707087,12.975152902754441,761357,-14.788538854378253,16.40569608565612,19.11929504119222,4.786719214128032,45.772622210199756,Low
2024-06-02 02:50:45.611308,27.32824384460777,28.62689768408576,26.10113151423118,27.454919448825812,27.32559316252335,417650,111.05299216361911,18.42856339079516,19.359442878442273,5.084498679624474,49.70418221464183,High
2024-06-03 02:50:45.611308,18.871118497567323,19.71113216556223,18.67755777436311,18.742753107540988,19.147270248168503,964661,-31.732623938393758,19.17258828711582,19.34186042790194,5.086071208685852,46.60225545311029,Normal
2024-06-04 02:50:45.611308,20.33764102343962,20.80099019684272,20.14373410291784,20.61272606182756,20.1158222893528,543031,9.97704522679863,19.017026235482227,19.201572144751648,5.0057695508978615,51.95022809116096,Normal
2024-06-05 02:50:45.611308,12.876259068932717,13.275508468251859,12.85272791932794,12.741466999368056,12.951641023946962,142092,-38.18640503371452,18.5120817434539,18.47758093552698,4.828809631781271,43.49390463525494,Low
2024-06-06 02:50:45.611308,17.278086377374088,17.5177171793244,16.870265704698404,17.243012622804244,17.22849071969246,424683,35.32988488420881,19.35897564807333,18.41176698092883,4.836601130821574,49.78886437801827,Normal
2024-06-07 02:50:45.611308,20.55461294854933,20.747950829827037,19.974108404967676,20.82816355465512,20.510338074806505,252889,20.791905743370155,18.033624469239193,18.516691346075454,4.866530284145807,51.8323658754693,Normal
2024-06-08 02:50:45.611308,14.245032112888486,14.575302046341747,14.198231028950932,14.210727504443232,14.33802272767329,793221,-31.771577138076022,17.12721934861964,17.832899732853054,4.421089970762469,45.7783296536792,Low
2024-06-09 02:50:45.611308,21.87849009172836,22.265030752716264,21.030121427842182,21.96941224893084,22.004796464629575,637716,54.597378931245565,17.398556586040296,17.729843040151287,4.291130360776828,57.27828879112693,Normal
2024-06-10 02:50:45.611308,16.996806550405974,17.492821051660545,16.611583418622416,16.944589504180847,17.247300043156482,275006,-22.871903389197545,18.239181087002855,17.689587644178697,4.294709197137341,53.40213995314038,Normal
2024-06-11 02:50:45.611308,18.541531251033618,18.613597211062316,18.055381322709856,18.415939374583804,18.33482708417915,870915,8.683301947444178,18.47376643735877,17.47658765354499,4.137139361776441,50.681238125385335,Normal
2024-06-12 02:50:45.611308,16.991466938853016,17.819286796845503,16.617006656729068,17.238171644986615,16.78966420473602,869727,-6.395371453180654,17.75576805542507,17.46035506844879,4.1374200932871465,51.42411917129678,Normal
2024-06-13 02:50:45.611308,29.261390922544688,30.704285828856264,28.675046692965264,29.181800530006793,29.458324897357848,241330,69.28593780706291,20.74998266053778,18.022700240869106,4.899458118616858,54.67314230064604,High
2024-06-14 02:50:45.611308,19.93251387631033,20.628319778940693,19.374761942833132,20.168175511689647,19.979387325638875,157775,-30.887830273011087,20.38973531308954,17.972966969543464,4.870870557868265,52.841683842642794,Normal
2024-06-15 02:50:45.611308,14.711445355220498,15.105782975150689,14.597254935473465,14.592262613454631,14.611772664831552,836940,-27.647086346522364,19.9192699349443,18.181660973805872,4.612731648454005,50.88407102392412,Low
2024-06-16 02:50:45.611308,24.112724560515943,24.485902268285205,23.89338541549384,23.905189743029418,23.808484213184247,367613,63.820994565900335,21.01712000863342,18.81388954493041,4.478793674483048,47.897982379326045,High
2024-06-17 02:50:45.611308,13.895781750144888,14.461197649305019,13.297022504894041,13.700323996515339,13.723053674137459,390998,-42.68891339584429,20.309550478939165,18.631876598599646,4.613752946393025,47.06593112864086,Low
2024-06-18 02:50:45.611308,21.044317975023777,21.764803001155514,20.048800243712442,21.14006972200795,21.29318231830231,761616,54.30342908229691,18.701204317339396,18.93774865340316,4.564397788690259,50.28816995895103,Normal
2024-06-19 02:50:45.611308,10.201649380601122,10.284597430528274,10.011230842841224,10.161411936277647,10.107345535123342,879446,-51.93293082804231,16.699851602257,18.376292434217266,4.9233283212003585,48.636422760497574,Low
2024-06-20 02:50:45.611308,13.359069755507846,13.967526745499926,13.178224906785001,13.505094373775922,13.288282006832693,176256,32.90568730474224,16.482417954321257,18.288237679930578,4.997077201746352,48.00000645216898,Low
2024-06-21 02:50:45.611308,20.984306179345616,21.847324846816345,20.308611999611305,20.96744103372889,20.81222840691063,461278,55.25579054407268,15.894868212461148,18.686182576631666,4.869781058400687,50.07155244294853,Normal
2024-06-22 02:50:45.611308,23.692332899977053,24.817481686681134,23.20813959751444,24.025110736649165,23.58926862615837,757011,14.582941704720254,17.959825560487914,18.514692141022834,4.597515414543567,55.23346201472938,High
2024-06-23 02:50:45.611308,20.85684140594985,21.613652240532847,20.83036744625571,20.660073072593914,20.587427647199007,281360,-14.006335708255635,17.863826230605106,18.61055813927548,4.622443267688799,49.26747829837758,Normal
2024-06-24 02:50:45.611308,19.421758588058797,20.01743868054438,19.270120685611573,19.636537893398778,19.432863827791575,446874,-4.9541701793537225,19.758851422029334,18.561748730854042,4.6053113752423425,51.5766221525025,Normal
2024-06-25 02:50:45.611308,18.494481522053555,18.881240927373778,17.832404764217472,18.647946983544006,18.254578078463197,518267,-5.034446067945131,20.787421943982952,18.857072730062843,4.397106643252187,50.136655137829855,Normal
2024-06-26 02:50:45.611308,12.607390048162863,13.195353638096634,12.192024490776149,12.709858569202723,12.720991397591481,389530,-31.84312149525835,19.135905451077715,18.630415027382764,4.596978226231416,47.474401432765056,Low
2024-06-27 02:50:45.611308,16.400778958026457,17.1109850787877,16.37855918884156,16.570420363409852,16.269759079513058,342634,30.374545658294426,17.644967376429854,18.4175278678205,4.58842380922852,42.269146100661374,Normal
2024-06-28 02:50:45.611308,17.696806145201062,17.73681744715171,17.500396229233132,17.83538487421001,17.718048638088696,133787,7.633870976462398,17.080029736753072,18.59876073630884,4.483911838445584,48.41987367186443,Normal
2024-06-29 02:50:45.611308,25.285611131094576,25.31894638428663,24.99346775865844,25.38135787018299,25.573927091308786,645909,42.3090000535086,18.228993732109917,18.769358017371445,4.679541732730013,57.11807141018195,High
2024-06-30 02:50:45.611308,21.71809144784231,22.12689473927331,20.988480045411368,21.47783172379168,21.816394502793614,702272,-15.379500838199888,18.79497068015945,18.99602012835199,4.696261901933165,48.27546673926491,Normal
2024-07-01 02:50:45.611308,11.18479922318633,11.638093036410318,11.17377630281815,11.027941198451744,11.195858009948848,553008,-48.65430859002522,18.458587206009256,18.626620219545387,5.023457100020236,48.1079744526981,Low
2024-07-02 02:50:45.611308,21.620419846973974,22.687686068008194,21.507876284364993,21.89338706181809,21.50648050665634,538469,98.52651249982895,19.523180545690902,18.85938099038696,5.063427838861803,50.508668457630684,Normal
2024-07-03 02:50:45.611308,18.074588597918417,18.210524769162127,17.35168089011953,18.13784079126182,17.984035946375045,920483,-17.153792877968687,19.583671729101265,18.307183003449712,4.442602075830706,55.96815987752202,Normal
2024-07-04 02:50:45.611308,16.615389998470206,17.108975675752497,16.467060538861315,16.763202480629978,16.699872754278342,411955,-7.578842081876102,17.860040651190662,18.136934351896727,4.432763433863444,52.511808778817404,Normal
2024-07-05 02:50:45.611308,23.05838144420434,23.49751777724473,22.305818007150926,23.045599504193873,23.400203060533332,130447,37.477307995433804,18.1735942072711,18.55960119643369,4.4797544115368275,51.63182585765314,Normal
2024-07-06 02:50:45.611308,25.154997612479754,26.374907330546556,24.855423248051544,24.86619926469076,25.277129545507755,228046,7.899988716568518,20.941245820518905,18.607651672516756,4.544791567717941,50.67353039330276,High
2024-07-07 02:50:45.611308,24.656400595580994,25.69458167147866,24.53380725479815,24.379153517889915,24.699142528174704,839290,-1.9586658243040622,21.43839911173327,19.141593148585486,4.565165449934106,53.122087203141284,High
2024-07-08 02:50:45.611308,15.803912383886807,16.466356053794417,15.61175878384915,15.891892110112531,15.913267797540405,616494,-34.81360171734125,20.98920937550341,18.879184267990716,4.594982709622145,47.206510958630425,Low
2024-07-09 02:50:45.611308,18.453938120743928,18.886399849167542,17.787504657387732,18.41535419965675,18.434675316407965,785614,15.878927896436302,21.319639719308764,19.29188138115967,4.116543399843791,49.830371341515274,Normal
2024-07-10 02:50:45.611308,21.65631715701782,22.10549029229486,20.729755451845335,21.46175121203996,21.370546249040412,970477,16.542701157711058,21.002870060877985,19.689714223072873,3.907002306959813,56.66377182567722,Normal
2024-07-11 02:50:45.611308,24.877725635611796,25.217812941728198,23.845026535215176,24.87145237881151,24.924219728413284,741147,15.887338983124177,21.003920683702134,19.884914790327006,4.068391850842545,56.36417748194899,High
2024-07-12 02:50:45.611308,17.60412881077355,17.65375088601426,17.2545253099275,17.37397715058415,17.845811644438534,288490,-30.1449031364755,19.60288541024098,19.55235811102375,3.983096780183065,49.67710856574087,Normal
2024-07-13 02:50:45.611308,19.071705116680914,19.896291625067512,18.43462898080527,19.118605148840285,18.885929320612654,507688,10.041615590575791,20.24822801798653,19.47528471483607,3.9754406725207194,45.23005168986297,Normal
2024-07-14 02:50:45.611308,14.468325129969859,15.056390934898587,14.320036158339164,14.368056774015846,14.550796706070194,604409,-24.847777010095328,19.438768532858354,19.211860658866925,4.135522446855964,44.65390554376658,Low
2024-07-15 02:50:45.611308,14.018966879596647,14.719717327133932,13.813485463528743,14.144111014893305,13.893188858191891,627759,-1.55863637404009,17.97524049342902,18.986668860434385,4.287670408825839,52.76898889336896,Low
2024-07-16 02:50:45.611308,24.062629111970992,25.261714240462858,22.98421929392856,23.925733416532708,24.088492360473484,338404,69.15685539614091,17.786096700973257,19.547462602800888,4.154923851270927,51.841384855136916,High
2024-07-17 02:50:45.611308,26.781200142854114,27.524956526525656,26.763789787064958,26.745222398359893,26.457155481123984,744600,11.784336691969145,19.660345750528403,20.05620270454839,4.387620670071091,57.93318594582813,High
2024-07-18 02:50:45.611308,19.63994939209833,20.395093087963616,19.55598023116961,19.352196955687972,19.610708023090336,616595,-27.642415279094056,19.707064111897942,20.132043308622286,4.360236860168206,52.147915749136395,Normal
2024-07-19 02:50:45.611308,25.01766448946012,26.199456092027045,24.757623060299437,24.696773080082714,25.209922735964252,851164,27.61741282724941,21.772807373111316,20.097814069117273,4.319354640892077,51.3915218003601,High
2024-07-20 02:50:45.611308,21.80818012523817,22.734643292179747,21.77924917117818,21.737844528642967,21.708454495569818,763689,-11.981033076042003,23.29155407586125,20.110814709359836,4.3241155871530985,47.41321919255424,Normal
2024-07-21 02:50:45.611308,16.77440122697438,16.981857042042922,16.622227687725033,16.76430580590831,16.857390089981806,265937,-22.879631493275475,21.85926855373637,20.397632939732667,3.8547084898341337,44.13833061973668,Normal
2024-07-22 02:50:45.611308,21.80697802754207,22.298228330499327,21.171259302081573,21.872412404396282,22.000264151637467,146850,30.47013492612203,20.88470655494365,20.396584206861576,3.854282958566543,54.8562542645666,Normal
2024-07-23 02:50:45.611308,27.690182832329846,27.86900522333293,27.106716689532913,27.51711579373918,28.045041790028908,416364,25.80741111212923,22.517690322553893,20.865547956985445,4.12601473102987,57.03417917646859,High
2024-07-24 02:50:45.611308,19.820869804450243,20.7663758643551,18.936193316281617,19.936811121824455,19.663081062036554,343306,-27.54759884260628,21.56569793090224,21.02422838904517,4.019594623211543,48.89865158229398,Normal
2024-07-25 02:50:45.611308,27.82321827907003,28.66650473754815,26.686022746616576,28.123811200995345,27.739177621520053,193808,41.0647421452909,22.842891265372714,21.27813897388524,4.304308740765504,52.19730539544545,High
2024-07-26 02:50:45.611308,9.0,9.102889262476559,8.846182191735956,9.075559767001206,8.906152323599212,601597,-67.72997904821659,21.305142057591294,20.488606999000766,5.0030303913743905,45.15045200785789,Low
2024-07-27 02:50:45.611308,24.10951252187612,24.919231324957906,23.79678389603713,23.776525551023123,24.46571863673926,761757,161.98412176706415,21.685964686916662,20.458475600657422,4.980128126702374,52.36406643839694,Normal
2024-07-28 02:50:45.611308,20.435235341190857,21.066815144430524,20.047280155282778,20.423284987581724,20.697011299304336,328981,-14.103156309552167,20.26719852568517,20.685045244530883,4.863141309578789,53.11746896128502,Normal
2024-07-29 02:50:45.611308,18.504963247670663,18.83635264436484,17.958793936844543,18.2856406718116,18.527145404490387,622220,-10.46670169402184,19.936964435682597,20.678559568138628,4.8664129669124625,52.09101849506043,Normal
2024-07-30 02:50:45.611308,20.45880388267751,20.574966508087574,20.184590809893926,20.30048036974668,20.668731645407313,790885,11.018698956723316,18.372298269432868,20.62049602602396,4.8635034770640235,48.01387806636684,Normal
2024-07-31 02:50:45.611308,10.062155426995536,10.400029120728478,9.748141260977162,10.209061666614298,10.068481899737938,153072,-49.710245862809145,18.598998649355487,19.887376490414102,5.27655043712022,41.6091228455405,Low
2024-08-01 02:50:45.611308,18.90164056081244,19.39337401798775,18.51471296625608,18.69891793840352,18.971719728405105,845466,83.16000577754146,17.583477126831564,19.95362352980507,5.251592189030446,49.67215854231049,Normal
2024-08-02 02:50:45.611308,21.78556285755873,22.626832401019,21.184229929619285,21.784836191472525,21.517028192235582,708108,16.50319159233915,17.855787367609725,20.086935081936684,5.263108120107525,48.50477774044451,Normal
2024-08-03 02:50:45.611308,27.38947022370758,28.1018203599659,26.792206494531545,27.48655691271357,27.5992218711433,577746,26.172887742313765,19.69597061579012,20.74286008887157,5.329905284228769,52.870982523266505,High
2024-08-04 02:50:45.611308,17.40864890863176,18.150415335905585,17.15233635745782,17.514388156286724,17.214218750927408,123284,-36.280167021626276,19.13875217309813,20.911373945941243,5.160893026129115,50.356787433311126,Normal
2024-08-05 02:50:45.611308,15.957531985534061,16.397885537173003,15.200783286402354,15.986087358773183,16.11362902471012,183369,-8.725973090672667,20.294157311529904,20.514391643053262,5.2218251784292855,47.10137009764433,Normal
2024-08-06 02:50:45.611308,17.491214782077318,17.981789109054727,16.823395134352964,17.233973680070513,17.639205197757956,911554,7.806077205079753,20.0011684598633,20.038829207138797,5.054942361007272,44.70702423799153,Normal
2024-08-07 02:50:45.611308,24.57701058851037,25.654286832259864,24.404832438290274,24.44905872056626,24.730920207912103,956985,41.86547556840778,20.53401296568205,20.293672295382713,5.146159343109905,52.3313254401101,High
2024-08-08 02:50:45.611308,21.643755548298422,22.08039977450982,20.703910119705423,21.655255942691742,21.34257860817229,837266,-11.427036148121338,19.367752771677683,20.14159643851316,5.053296141042427,46.4606711354506,Normal
2024-08-09 02:50:45.611308,17.351198981164806,17.46746522593247,16.92832319564206,17.136668669760542,17.248720209072555,981220,-20.86600724040919,19.29220887437245,19.911537645569037,5.081458958846422,55.24460530483952,Normal
2024-08-10 02:50:45.611308,22.56633716556678,22.59881314447749,21.556998807351746,22.46521307455311,22.40596671703648,687100,31.094400594879602,20.588034017528436,20.19658300900128,5.05545276549104,49.0283553354397,Normal
2024-08-11 02:50:45.611308,20.4853877467402,21.25885172096437,19.66612049377276,20.19851228727875,20.39943294900226,370143,-10.089825454813539,21.18094173897008,20.112888003145404,5.040081208084531,49.83072426259377,Normal
2024-08-12 02:50:45.611308,24.843224952664446,25.61374943889247,24.31504121544245,24.529140876812413,24.535896432574184,384580,21.44033445602398,21.19695817021931,19.963489257299067,4.849743637617469,54.5516209638894,High
2024-08-13 02:50:45.611308,16.489734530613237,17.070238953829833,16.471208884148975,16.438743296261606,16.705894085698947,929395,-32.982800421676096,20.153655640933284,19.788585866020924,4.913416391574876,47.413819643768356,Normal
2024-08-14 02:50:45.611308,18.361689267011158,18.55720835494297,18.115020757705786,18.159370491103264,18.39132626778605,757456,10.466902267601874,20.358196005201826,19.290363830526317,4.512587130069785,55.99659214621574,Normal
2024-08-15 02:50:45.611308,18.039459234339212,18.162462618067924,17.55091981757431,18.076011245705224,17.934212146240572,623156,-0.45904259422913096,19.48035563943225,19.740386404461518,3.8387733328978455,49.46193281170369,Normal
2024-08-16 02:50:45.611308,12.682425259339407,12.691648341102157,12.280723250521183,12.754511518649801,12.64322953303833,869097,-29.43956857915646,17.991555485706463,19.189285702842852,4.015923714737967,42.48966364517446,Low
2024-08-17 02:50:45.611308,21.48060138532288,21.857142965391777,21.203622256674173,21.67430487728165,21.44657774987568,518495,69.93441768106304,17.420588285800314,19.25183669732785,4.045787516168237,45.41167327631795,Normal
2024-08-18 02:50:45.611308,21.305276360899448,21.933694328330475,21.15682537736487,21.113624903506075,21.3695720630771,352164,-2.586841778548854,18.355564607249203,19.393235908912573,4.059636888856192,53.337206434778956,Normal
2024-08-19 02:50:45.611308,20.025567283212304,20.41831275904151,19.189569701521666,19.825801785557974,20.03498696624126,995331,-6.099488476439907,18.688850866140143,19.369501979703138,4.055439079712234,53.57612435213485,Normal
2024-08-20 02:50:45.611308,18.827064333124266,19.238882758177727,17.900394173835586,18.60371953184195,19.063941922939378,869605,-6.1641000295193376,18.79439252336749,19.78923487296452,3.4460838066752992,51.27632852526634,Normal
2024-08-21 02:50:45.611308,12.92314628974793,13.507375043652441,12.583467733298837,12.976039531943908,12.921969049109352,388345,-30.25029478790926,18.83869812602631,19.50309095264154,3.7642896256120744,38.983548031362425,Low
2024-08-22 02:50:45.611308,17.896773386173205,18.2084058448638,17.74314812247685,18.007630864773652,18.161014600017655,250787,38.77601729282012,18.10536332352471,19.314230686306594,3.738451177044755,46.64184733517334,Normal
2024-08-23 02:50:45.611308,18.286427417366152,18.75637899170665,18.037451009285476,18.029458938448116,18.47921662683985,260381,0.12121568816230166,17.48853013051312,18.84137578759332,3.211297608266726,50.8961375999957,Normal
2024-08-24 02:50:45.611308,15.988613653891905,16.615089916863234,15.973911582784348,16.197846526180506,15.848798270788539,770438,-10.158998217975734,16.76293907863763,18.77554870608801,3.2531515160197246,43.234168041467775,Normal
2024-08-25 02:50:45.611308,19.193571441669953,19.574125052778047,18.316138468532326,18.935593306415296,19.44151124211123,549830,16.901918263083804,16.829313833552295,18.92302400347012,3.1862074579482744,48.65036276838586,Normal
2024-08-26 02:50:45.611308,22.020254284072692,22.705179650360567,21.8906088446994,22.04753495820259,21.766822999958396,629393,16.434349858649444,18.64361291880403,19.16370206737672,3.233359019567643,47.27706962259865,Normal
2024-08-27 02:50:45.611308,29.43092950605265,30.69993778208783,28.582558718555756,29.61551486836641,29.711214705822286,456992,34.325741741700796,20.965189719522584,19.422024874766727,3.829307913683133,64.62582681717333,High
2024-08-28 02:50:45.611308,20.872889064159196,21.863850996246057,20.58687285321631,21.105184985144607,20.798136961595954,889271,-28.73605244091856,21.58033492886188,19.39452132688937,3.814370065324535,52.841478378980725,Normal
2024-08-29 02:50:45.611308,21.28775195361382,21.444295142662416,20.69789176082855,21.42447483884618,21.529138660967934,168920,1.512850296864543,22.625660591395018,19.608911635343652,3.8012637058155,53.215232194996666,Normal
2024-08-30 02:50:45.611308,19.627770421169163,20.53711288025747,18.9884739296572,19.805437907492564,19.844494387631297,930051,-7.5569503734954075,22.79962951161047,19.47592287699063,3.742142321472124,57.288620620195935,Normal
2024-08-31 02:50:45.611308,10.406143923504793,10.66219557214916,9.974423292068511,10.356022791406078,10.501649035809185,667109,-47.711215274425676,20.461327078251166,18.983798402196992,4.254258956252696,38.42688658817658,Low
2024-09-01 02:50:45.611308,19.867430622753915,20.12396324616617,19.662377607965695,20.0550736059237,20.040295409908445,750024,93.65613623954513,18.549238825762625,18.76009503865256,4.060539305472101,49.0880439602112,Normal
2024-09-02 02:50:45.611308,20.301151049705133,20.76720026669081,20.28998965077951,20.045426491892933,20.18219390069526,641357,-0.048103109568831126,18.33728712711229,18.940429198434124,4.032007495447152,50.19347047000361,Normal
2024-09-03 02:50:45.611308,32.316210562426434,33.89975751547456,32.09502932021273,32.69897990815059,31.909917541679384,605659,63.124391099262446,20.59218814097317,19.667409669286492,5.062775696202032,60.3351774481335,High
2024-09-04 02:50:45.611308,19.038195176094387,19.50712314712998,18.181458647813006,19.065377364477655,18.982782707315828,107531,-41.69427481214668,20.44417603237019,19.71687797522511,5.051228141116997,53.995805434886186,Normal
2024-09-05 02:50:45.611308,21.507736711668063,21.861271865548098,20.567966826510375,21.712467418534644,21.29708424843353,530267,13.884278309586517,22.715464957795906,20.164775770219357,4.791872454556572,52.509639558606,Normal
2024-09-06 02:50:45.611308,19.826441151473784,20.454345389643972,19.234212365808833,19.79808038969381,19.942396740219994,763096,-8.816994365212661,22.664066314549927,20.070964545839963,4.77911336885312,51.168105703134955,Normal
2024-09-07 02:50:45.611308,14.156609811902339,14.326592203056373,13.731545667970947,14.217587014160024,14.09124862826185,763070,-28.18704271167014,21.498498419003347,19.726162651372658,4.945788682957952,48.75382588236054,Low
2024-09-08 02:50:45.611308,25.714114072575104,25.81165198622067,24.859072626988684,25.734481703629026,26.081010921344873,167155,81.0045662319403,20.10559877809903,20.021596647276212,5.125272948782743,53.85281615718936,High
2024-09-09 02:50:45.611308,23.759665163433873,23.91277211538155,23.55132702046505,23.924739848201867,23.860148644087435,686712,-7.0323617793007775,21.077471274843873,20.28764766309421,5.185549362680177,51.079715760409755,High
2024-09-10 02:50:45.611308,23.955159735215233,24.108527661498385,22.85991552379416,23.65449611694877,24.186911937616134,407747,-1.129557658589997,21.4658770145267,20.821570492344453,4.936881100232855,46.25718264492034,Normal
2024-09-11 02:50:45.611308,15.453062726026305,15.570430818581196,15.129498366577897,15.249245521322488,15.282704147554687,574013,-35.533416370699214,20.556110040852435,20.683651225171893,5.0567059166844786,46.31830187727006,Low
2024-09-12 02:50:45.611308,27.013971554680495,27.201485219328887,26.49646688949879,26.80901917339888,27.307355022475345,232503,75.80554484425322,23.074396472700208,21.12262923691943,5.193399564726418,52.9660968635061,High
2024-09-13 02:50:45.611308,12.990744686038596,13.40701669531203,12.653688314918877,12.858061641909,13.155502607822992,829963,-52.03829890700609,20.4991124603562,20.955639992705855,5.409292522910792,46.63076167565762,Low
2024-09-14 02:50:45.611308,22.934285469001352,23.142849957838155,22.880428924534016,23.190083182468623,22.925383699584522,792841,80.35442532709507,20.352181127209555,21.168364486508523,5.40932712966159,56.171247433814166,Normal
2024-09-15 02:50:45.611308,30.952278129049894,31.48723762372756,30.694935675151218,30.691549126308672,31.050941243488804,979005,32.34773193703355,21.75959172908153,21.600565194913823,5.813494898834276,55.224965692111496,High
2024-09-16 02:50:45.611308,15.047318374346558,15.722031410260547,14.49204703447966,15.262133254574568,15.1668586958316,764917,-50.27252227717652,21.76216927573195,20.88289611422423,5.655798416545855,47.95943106015451,Low
2024-09-17 02:50:45.611308,17.16851135198614,17.575372142049094,17.09743485847605,17.08450365847011,17.00103525041293,465446,11.9404697462546,19.817266172746194,20.681862047890508,5.718589897190385,42.6605566247234,Normal
2024-09-18 02:50:45.611308,20.498256825438204,21.18244532393884,19.880078483205864,20.302775967305646,20.499834828269645,755522,18.837376684572238,21.306209037825525,20.62577710431348,5.716423522641593,50.644757977940586,Normal
2024-09-19 02:50:45.611308,17.482621729419005,17.63325188565302,17.26815444560859,17.634562411897488,17.429472650839166,119675,-13.14211199347758,20.1951048837113,20.517233329533727,5.753311329511435,47.87563754859414,Normal
2024-09-20 02:50:45.611308,12.246682844669337,12.364427976062458,12.008303848769692,12.304992158415603,12.116760477760872,173997,-30.222299419724695,16.517793490132682,20.614681797884206,5.586223727802372,46.23063939082285,Low
2024-09-21 02:50:45.611308,20.342814874030136,20.384384008773473,20.04917271190922,20.341713747844913,20.26197319229499,248087,65.31269167801017,17.533709588786753,20.629013804980268,5.585080017819408,53.00641718462862,Normal
2024-09-22 02:50:45.611308,14.688481431369475,14.812551408221612,14.427266826797467,14.712877626067138,14.498194640915205,586799,-27.671395790701837,17.059384382306156,20.362386361688976,5.739555945452458,44.257359223655214,Low
2024-09-23 02:50:45.611308,22.36796215317591,22.679537061161273,21.563782573498045,22.515055065585,22.049763513610692,619349,53.029581553064546,17.50184020196203,19.853190119560697,4.990329450820374,49.30867502060686,Normal
2024-09-24 02:50:45.611308,15.402878828830985,15.539202380868355,15.174052339673079,15.277401467356459,15.234294145606356,855678,-32.14584009297642,17.030408013053822,19.66379132470464,5.09263724104913,46.15456896570915,Low
2024-09-25 02:50:45.611308,27.749672025087698,27.87274533606533,26.963794875001362,28.162865126652754,28.13521079878154,240905,84.34329415790332,20.20198260670125,19.98631121011054,5.422763558096529,55.69368952271025,High
2024-09-26 02:50:45.611308,16.083733538318814,16.180747298616065,15.700900147329824,16.312826939492354,16.107632134047176,370040,-42.076820429558396,19.39620524503074,19.812048537600468,5.484776221494184,45.38398327053679,Normal
2024-09-27 02:50:45.611308,18.38969241897162,18.813371409837345,17.779456989053642,18.472625713009347,18.64668220693807,526188,13.2398803808079,20.148154862419183,20.024800472542935,5.3368797302446955,52.75488361889509,Normal
2024-09-28 02:50:45.611308,24.067586086848348,24.315883813365897,22.940224566852432,23.85064744901716,24.018847693118314,411877,29.113466702355908,20.415273339105617,19.93060875981234,5.24666622772913,50.34067960869632,Normal
2024-09-29 02:50:45.611308,13.845678417830225,14.097856585499194,13.338530534037796,13.920539886425656,13.767512418688467,875723,-41.63454088119819,20.143901022919454,19.43039876172353,5.322179349153318,41.56189740083515,Low
2024-09-30 02:50:45.611308,21.137299673020646,21.66934375875231,20.910136713315378,20.86602256012058,21.141194344882795,666088,49.89377373551205,18.684532509613017,19.29097508388212,5.2416123747312175,53.08269398295665,Normal
2024-10-01 02:50:45.611308,26.53571377141214,27.451719749500736,26.494340434088063,26.162079645588285,26.487560755903544,196044,25.38124872724714,20.654383050832205,19.836616790095412,5.365275820945456,54.80974933239924,High
2024-10-02 02:50:45.611308,11.962583827193862,11.98609756560764,11.805716046454085,11.875621664425418,11.821065749077608,367491,-54.60750129461513,19.33498224111542,19.089946914646738,5.382966499694402,46.003610633721514,Low
2024-10-03 02:50:45.611308,20.92316929266152,21.759479248195916,20.300623478343113,20.899707906547444,21.011565277355263,814423,75.98832715557582,18.744794332621478,19.49202922787866,5.189846744835804,51.460386296723954,Normal
2024-10-04 02:50:45.611308,21.299413971242117,21.968109487665668,21.24464698673167,21.534733627649704,21.117967362159487,589066,3.038443043997363,20.267633080866286,19.409261750137713,5.140733638863572,54.30910007953524,Normal
2024-10-05 02:50:45.611308,23.90911435888655,24.006853661123426,23.315730490475264,24.072056696921884,23.994891621574478,758003,11.78246786398307,20.908839908226547,19.078287128668375,4.555947349894714,51.83586139927751,High
2024-10-06 02:50:45.611308,13.81524644560959,14.418681644692175,13.402969893255262,13.91583795773962,13.877498398845999,402929,-42.19090569224585,18.459591570656816,19.01097236382663,4.624725848748616,49.624476873407104,Low
2024-10-07 02:50:45.611308,13.397716934578618,14.014596322338173,13.173811682764725,13.367770358134498,13.257854759037095,905113,-3.938444822866749,18.75802130939863,18.82513569880985,4.77833617942605,45.37407556995468,Low
2024-10-08 02:50:45.611308,22.60970782808449,22.678755569437186,21.7382028436946,22.505206883933145,22.312175124993246,466008,68.35423021939013,19.07912110487577,18.935257244641225,4.839173506509663,53.586303038113314,Normal
2024-10-09 02:50:45.611308,21.48492336616593,21.782358118778276,21.370410601188617,21.401801697331475,21.665887600991237,933731,-4.902888439516673,19.052534718812122,19.12361920891292,4.859157573692446,46.20111736390125,Normal
2024-10-10 02:50:45.611308,21.252464251729382,22.109152445654406,21.172621100714657,21.563376899349542,21.226834050026067,117073,0.7549607472449926,18.550798759297656,19.58653844595962,4.609998815659131,53.39625713526799,Normal
2024-10-11 02:50:45.611308,21.732241047484877,22.545309045361577,20.940982368590632,21.432407310252476,21.444178320497453,988736,-0.6073704953931225,20.054112629800226,19.64107312408,4.625826549370892,51.96610360033795,Normal
2024-10-12 02:50:45.611308,16.599876392107547,16.753027697760622,16.188621661988268,16.782656716136835,16.846317982976615,654970,-21.69495253989211,20.737089901400697,19.74456207858348,4.531970573213028,45.2590525019471,Normal
2024-10-13 02:50:45.611308,21.161268485805017,21.382773347727504,20.43289508895107,21.211214629125944,20.88053075745308,853158,26.387704806778125,20.478291450439254,19.679370056760526,4.499279629894619,55.28000507774535,Normal
2024-10-14 02:50:45.611308,21.465362366493405,21.862978263148097,20.99867604699404,21.425833098369083,21.59095742234383,852254,1.0118160274915855,20.483097730646776,19.986791638311157,4.3914358740936175,50.44921728610399,Normal
2024-10-15 02:50:45.611308,16.42824290986816,16.826235974674788,16.22584528709129,16.539260536746415,16.6666227561065,507505,-22.806919755174558,19.47827445812615,19.405611408815844,4.004545808503267,42.22713332562564,Normal
2024-10-16 02:50:45.611308,29.328872555723784,30.235508325782796,28.127705181465554,29.31714300818415,29.099385951220334,215359,77.25788249751695,21.055221597712485,20.05582721225043,4.500929065300598,64.44038007441154,High
2024-10-17 02:50:45.611308,22.36916460455894,22.781779100979097,21.47505133535118,22.619759580953424,22.12908712178231,166707,-22.84459787013042,22.222642170675805,20.263183905647637,4.519642351969653,51.48114869718941,Normal
2024-10-18 02:50:45.611308,14.043482513986756,14.36826242389314,13.555684626938133,14.212300002603676,13.883970294504163,351351,-37.1686513654597,20.82285924537135,19.781266533326963,4.629508255475838,44.43898639554241,Low
2024-10-19 02:50:45.611308,23.28276804316915,24.152927666748063,22.965953437959065,23.22809143810196,23.145359069943837,570670,63.436540418135,21.183310913317925,20.246644110910776,4.474580523491514,49.41647153814513,Normal
2024-10-20 02:50:45.611308,15.126591648863393,15.154336240388318,14.680182735045143,15.025316605505312,14.94554713576003,338511,-35.314028509209805,20.880522127069703,19.954608813180016,4.620255662303631,50.78840480550044,Low
2024-10-21 02:50:45.611308,23.93542301871226,24.237532271133524,23.50341987261363,24.001736344136233,24.07340690875103,335718,59.741967336261915,19.81744079426012,19.846591648107413,4.4909363592482725,56.74824555214,High
2024-10-22 02:50:45.611308,25.79297789503702,26.71294840004472,25.674869175392242,26.11206025478346,25.454283955777786,689716,8.792380186122628,20.515900929026127,20.558413577625313,4.284535247578914,52.51301436612909,High
2024-10-23 02:50:45.611308,15.896588408241447,16.60812514018929,15.167480590720668,15.758603885471894,15.901081799035255,150601,-39.650093743234684,20.825161705599772,20.301358376571535,4.415211428455612,46.51712659141543,Low
2024-10-24 02:50:45.611308,24.81688064622161,25.451792546739032,24.647110064536843,24.90843005705467,25.186674642404302,495755,58.06241617646184,21.161229429390314,20.470043198041786,4.5278236364934354,51.85832596600981,High
2024-10-25 02:50:45.611308,22.06390463468249,22.650929694368614,21.015607316931728,22.150986599177667,22.271726937217682,595479,-11.070322182332914,22.586363428124788,20.373989693154577,4.467361724283489,50.387883396331624,Normal
2024-10-26 02:50:45.611308,24.11030079997245,24.23949827150945,23.572634132745424,24.278913552697144,24.193640059385057,735775,9.606465806802822,22.641798869836965,20.89214347290245,4.275758685882608,54.15966775625007,High
2024-10-27 02:50:45.611308,29.483964913269737,30.14353943952902,29.2110422743613,29.15807954993106,29.312592569865718,778029,20.096311091695828,23.251002728866485,21.68165893249228,4.27109593786668,54.38776733931413,High
2024-10-28 02:50:45.611308,18.773059419985646,19.273002199549172,18.264402485741623,18.89461026657444,18.842836536883397,564184,-35.199400789689136,23.878204005086996,21.501129101624343,4.3105777994674535,48.74201069336827,Normal
2024-10-29 02:50:45.611308,16.23131917821255,16.42809998500241,15.522866053842474,16.430493300128337,16.244486737166437,513860,-13.041374930105098,22.18261665370173,21.252563681764187,4.457438044432536,49.9446101929407,Normal
2024-10-30 02:50:45.611308,15.552427851872384,15.761797148069647,14.983034116010877,15.402976691701436,15.517940366699397,511961,-6.253717339204135,20.83301467220648,20.94454367138178,4.643783966604133,41.95090168906181,Low
2024-10-31 02:50:45.611308,15.920948575172808,16.221284663123598,15.278887647281085,15.795591798359876,15.74456534213488,351924,2.5489560525659094,19.13635032133903,20.66270289578715,4.781625307505206,45.741724686115205,Low
2024-11-01 02:50:45.611308,19.614491452929478,19.634175769792538,18.968406417145506,19.891876704220454,19.841982805194498,883441,25.933089169130795,17.28310975219691,20.81816389519133,4.698661193757789,53.74557607986944,Normal
2024-11-02 02:50:45.611308,21.70575987408322,22.0553085255129,20.95444043028923,21.498020744319636,21.673061003442907,914660,8.074371583845608,17.80379184774595,20.832504200951018,4.700361278551706,48.73546680570311,Normal
2024-11-03 02:50:45.611308,21.383453996650097,21.609528433164797,20.475517189179982,21.610793316885108,21.1875532325473,623394,0.5245718845781067,18.8398518510973,20.841752211876816,4.701771844531787,55.45901161988445,Normal
2024-11-04 02:50:45.611308,24.13591624518012,24.53113867831434,23.834617937633812,24.130324814880016,24.0401637682371,349430,11.658671947162302,20.585321475733018,21.2213054257835,4.642189668167178,50.11937156794259,High
2024-11-05 02:50:45.611308,20.065009459389536,20.185160874781033,19.573993633131487,19.912855132895334,20.01331983955592,527737,-17.477881936276173,21.40877414264011,20.75109103201906,4.237650775928413,44.46180499269501,Normal
2024-11-06 02:50:45.611308,27.267670385786584,28.4818006038249,26.966077078498547,27.570954968890437,27.535606247041738,222788,38.45807035146955,22.944589795574107,20.99865080141591,4.489689375370574,61.08674926909895,High
2024-11-07 02:50:45.611308,18.67671583381022,19.23103371261638,17.754396097635283,18.646070287512682,18.80761031582333,721527,-32.37060410656108,22.374199704212717,21.220339315661356,4.239451708726665,44.09739698851585,Normal
2024-11-08 02:50:45.611308,33.600845832948096,34.741766449466674,32.01478621644986,33.61578210169941,33.87231199934713,651216,80.28346768708674,24.775197461175576,21.73972384884123,5.056037518767624,58.7839767538502,High
2024-11-09 02:50:45.611308,23.12833673882503,24.04094764638034,23.082742910331582,23.03066579780167,22.78906573169348,380466,-31.488531999267742,24.555265657759907,22.139991308456047,4.807263025520673,49.15335033973562,Normal
2024-11-10 02:50:45.611308,15.714212217918586,16.105843542535446,15.159834318088283,15.758031700077126,15.674685001931769,550930,-31.578045383380683,23.724300971196264,21.727806076253092,4.989204971401027,41.196962839482374,Low
2024-11-11 02:50:45.611308,14.645537509694439,14.709187226671329,13.9679995627698,14.497701297339255,14.637340761884438,450040,-7.998019211572616,21.10965023688603,21.14708812838088,5.12609024295215,46.723967695827476,Low
2024-11-12 02:50:45.611308,22.412362076215928,23.014253390653,22.210006075364355,22.339128475095553,22.08908097278945,162292,54.08738266110797,21.848261874402603,21.476114357862066,4.970858524584643,54.075790008955785,Normal
2024-11-13 02:50:45.611308,18.882686073370746,19.436742903697453,18.346469498601074,19.148599039019622,18.746624920023613,653343,-14.282246684927058,18.954825261866645,21.188122806960315,4.9282056561132555,52.50887153650491,Normal
2024-11-14 02:50:45.611308,23.57000247046046,24.448502982865627,22.491099398669068,23.398978602797772,23.75405342368119,405035,22.196817402239375,19.028487822865863,21.250522407141318,4.948896268523746,54.842593591542446,Normal
2024-11-15 02:50:45.611308,22.366188122867726,22.84891705366796,22.328226015714485,22.47135617461417,22.122693945178884,706200,-3.9643714536868324,20.371152717773274,21.16014453823717,4.907008040221256,51.71196844389784,Normal
2024-11-16 02:50:45.611308,19.635855436715637,19.761112855828944,18.951133259400912,19.532879157882075,19.656655775815274,761948,-13.07654506429694,21.37818828988184,20.678884518634717,4.5395608080320615,48.718424700869214,Normal
2024-11-17 02:50:45.611308,15.766031409657975,15.989732401864316,15.531630720164662,15.895378986336144,15.631327322722335,452680,-18.622447526268015,20.089438392129956,20.528922954622807,4.6498056293498715,46.436494808862896,Normal
2024-11-18 02:50:45.611308,12.425763876570677,12.651342620711302,11.851447433963223,12.288163574594577,12.2438957149339,368448,-22.693484784743866,18.717351299244946,20.321806468346118,4.926022203151411,42.715331226937145,Low
2024-11-19 02:50:45.611308,17.767425239664895,18.341239554483387,16.904765000948103,18.017850548498526,17.629479727037864,631633,46.62769126665851,17.6411256883851,20.45255016118597,4.822205481539046,48.85558531465717,Normal
2024-11-20 02:50:45.611308,24.28199397161736,24.974975739272388,23.135560311804724,24.248331509290917,24.62864888105667,260372,34.57949073349147,17.99652075532045,20.875187146732525,4.762617053878582,47.958223579286035,High
2024-11-21 02:50:45.611308,21.07046872065102,21.445624966878864,20.570872929702563,20.90362250697436,21.2610745691724,191006,-13.793563491306637,18.270669425138905,20.92577443687022,4.756992805615618,51.4894291549405,Normal
2024-11-22 02:50:45.611308,13.77130610644006,14.45058627993001,13.177733445261014,13.595100901002736,13.961175225889525,229350,-34.962942923089926,17.810613808072226,20.530628444704373,5.0274987610324855,35.30584236704641,Low
2024-11-23 02:50:45.611308,20.86590462925591,21.497906609631183,19.984790269029496,20.659180627545638,20.858301538423998,788725,51.960480308181275,19.484817218662435,20.4830478102374,5.0212371259668815,48.16458727424341,Normal
2024-11-24 02:50:45.611308,21.926586898644185,22.186665591828476,21.57674768584585,21.93959415468447,21.6698723040514,905878,6.1977943376496425,20.269165939899626,20.373511277227625,4.961019398068496,55.27334721528386,Normal
2024-11-25 02:50:45.611308,15.580712818994336,15.660004992789618,14.934958121296225,15.504524618041364,15.60313010973368,888768,-29.33085038525707,18.520404561649713,20.15309475148492,5.0790887806866305,50.789218280142556,Low
2024-11-26 02:50:45.611308,20.76862552972764,20.927359240753436,20.730195644370287,20.973539193796807,20.740199928101873,948464,35.27366823869977,18.5343878990142,19.823223962730243,4.7772371344264615,48.888204681775484,Normal
2024-11-27 02:50:45.611308,20.29104359223,20.540580541654794,19.68609668737935,20.248972664125642,20.50066452954488,306487,-3.4546698245638274,19.865162251638782,19.903369081560893,4.769889133173322,50.933346792034285,Normal
2024-11-28 02:50:45.611308,14.285148510846884,14.399916374843864,14.120862990873782,14.177458892804628,14.112905010169083,197852,-29.98430523874276,18.568817904690583,18.931452921116154,3.686021680182265,42.41262876692429,Low
2024-11-29 02:50:45.611308,21.788936801741418,21.99219165655856,21.657585589012225,21.8655107430341,21.781250408072633,592092,54.227290718023724,18.554001222360505,18.873195168377773,3.6265514319833634,49.55142032743115,Normal
2024-11-30 02:50:45.611308,22.80392263184117,23.12898704032148,22.716180889029925,22.945382581517666,22.564514736584336,238593,4.938699357057508,20.042172815055768,19.2325627124498,3.657589058860637,52.59819345492385,Normal
2024-12-01 02:50:45.611308,25.415256215876383,25.635572933150574,24.53043833391729,25.161389759280983,25.281579028709377,827067,9.657747783853887,20.879742928152602,19.76574713554689,3.70793999906538,57.21099283266265,High
2024-12-02 02:50:45.611308,25.269010260174515,26.40202899596726,24.839595062842932,25.017042257157655,25.448943612889632,778841,-0.5736865232974009,21.833356846759006,19.899642824649995,3.851334761933146,60.47018114416167,High
2024-12-03 02:50:45.611308,13.111653160214544,13.164253012457563,12.636508633697865,12.929403053736609,13.10221990111905,380618,-48.31761916204398,21.5837456789454,19.58868302538584,4.1543196623447445,46.210811271777125,Low
2024-12-04 02:50:45.611308,15.310874800424386,15.712411211279726,15.260841662855062,15.41946045008153,15.253867032602413,277832,19.25887363860386,20.29453562035489,19.18970711775003,4.152294827021274,43.037592184824014,Low
2024-12-05 02:50:45.611308,22.5751763360433,23.038415372895514,22.219289587364464,22.686113818914436,22.50370983747579,942150,47.12650868918362,20.242681867834243,19.200444999965043,4.161495350705244,51.3237801188061,Normal
2024-12-06 02:50:45.611308,22.568929754561044,23.6774914544307,21.960142700520226,22.551753135066928,22.54147246350607,406773,-0.5922595862826174,19.720754542991433,19.351388698824287,4.228399605595663,57.44505988381641,Normal
2024-12-07 02:50:45.611308,22.575238431530238,22.70170367803277,21.682700232551547,22.80833032992723,22.768267924551807,145232,1.137726159574437,19.279012157545345,19.697036266003842,4.213542694702447,52.01441951723795,Normal
2024-12-08 02:50:45.611308,39.26365745327361,40.04472075111355,38.63788799889869,39.62370929864723,39.725497820850286,448688,73.7247256834764,24.61787340652747,21.063813552206472,5.813524156981333,62.837067179852056,High
2024-12-09 02:50:45.611308,22.854452553465833,23.962288354429827,22.13923231514568,22.912974371605937,23.166645303125375,560385,-42.173575424479004,26.116576190832347,21.308569743361844,5.781493126238747,54.67972384145419,Normal
2024-12-10 02:50:45.611308,25.677828200902994,26.78904536517114,24.54032898045141,25.961520401073376,25.898839876778613,883301,13.304889972055477,26.771657507264138,21.394229187950963,5.839739505635436,53.25016373936896,High
2024-12-11 02:50:45.611308,24.770008817466014,25.781952937561957,24.007261987384595,24.551419342832283,24.63283763286706,412813,-5.4315041509771955,27.17159074881721,21.57661902974386,5.880433326544553,52.77864603231042,High
2024-12-12 02:50:45.611308,23.25695625652899,23.556857994879955,22.98605984083453,22.986189203458466,23.38821947542268,309093,-6.37531426398279,27.207162523523458,22.046173444866646,5.5766574383564835,56.040529794568414,Normal
2024-12-13 02:50:45.611308,18.42365377679827,18.581072464039618,18.401176199234225,18.29639217361674,18.389166423623553,431328,-20.402673050024767,22.94169909851736,21.928034022170202,5.632336280489151,47.447541209966175,Normal
2024-12-14 02:50:45.611308,23.794846102466337,24.590359228244306,22.75965266254624,23.47867459958291,23.619718858681498,803305,28.324067263047525,23.054839144112755,22.004988044415125,5.6430065786480315,50.3602462138371,Normal
2024-12-15 02:50:45.611308,16.13587392731214,16.885688616893827,16.11871390071264,16.150962354538095,16.300881752242752,113140,-31.210076250109065,21.092727534805697,22.037309931239964,5.605540678271593,44.30652492286176,Normal
2024-12-16 02:50:45.611308,18.815906966299956,19.33970690616186,17.99299170147531,19.062360928915325,18.555359160019346,488612,18.026161602433465,19.99491585202231,21.94175101799589,5.640808652769275,46.36450668562965,Normal
2024-12-17 02:50:45.611308,17.573182260854484,18.07543495958807,17.108426827814775,17.33032626327032,17.78498936225288,707745,-9.086149780207531,18.863743263984677,21.79581869795312,5.724046865077559,53.07581074643199,Normal
2024-12-18 02:50:45.611308,20.409370696931614,20.695080552426795,19.451081658508407,20.17799573150167,20.38578407579183,638645,16.431712969343625,19.24006397556166,22.09584553988797,5.454631835088838,53.30920451626142,Normal
2024-12-19 02:50:45.611308,31.573292833367542,32.78806411901134,30.312281982694202,31.528015811035743,31.703249905500694,623375,56.24949192458468,20.84993221785223,22.578970793288057,5.846959364385596,55.818430815818964,High
2024-12-20 02:50:45.611308,10.66367403704126,10.763402715305446,10.131591833782648,10.802475089833253,10.714652985529055,211672,-65.73690157167434,19.780234764911263,21.971825418703837,6.410233700083787,43.91689437895549,Low
2024-12-21 02:50:45.611308,23.43130095187257,23.810512231875578,23.02041924711124,23.302069902898943,23.709044632690134,430817,115.71047106444783,20.62817655970799,21.878859425884734,6.374927045579429,50.226868928410276,Normal
2024-12-22 02:50:45.611308,11.936420644051742,12.190330058483383,11.478546537558131,11.939011375645258,11.98536104852084,745961,-48.76415946997069,19.549913582182974,21.224957881809114,6.698604902221315,36.608116593342565,Low
2024-12-23 02:50:45.611308,17.640340671052833,18.08806167146063,17.285830758938104,17.3977363428766,17.700635488524085,689921,45.721750281323594,18.99386170445796,21.448374546266113,6.4782548810315586,47.00622321301306,Normal
2024-12-24 02:50:45.611308,25.444752984836832,25.75315577295794,24.834237153732918,25.176318373228092,25.113960031304345,832303,44.71031102581566,17.72352221689643,21.93621744242344,6.366763558304636,49.59459527825849,High
2024-12-25 02:50:45.611308,20.321400095477316,20.43808234853829,19.6838106164694,20.618070258292057,20.33262239884476,720399,-18.10530057398372,19.68664125058819,21.832815264392323,6.370735779843106,48.033126681619,Normal
2024-12-26 02:50:45.611308,14.611276110353469,15.057373012284993,13.972999233019797,14.815155441284912,14.457931790722778,964690,-28.144800867934585,17.98925835826538,21.445985379703224,6.556945468625674,46.08019591294356,Low
2024-12-27 02:50:45.611308,16.42348145370016,16.660497380605786,15.615377623435782,16.179563182452394,16.540466126612543,506140,9.20954050448457,18.837368719626813,21.114547022329482,6.651313028242136,48.95104902671782,Normal
2024-12-28 02:50:45.611308,23.39798874467338,24.077979012814392,22.49918611015169,23.715133356774693,23.406567795641777,169286,46.57462064547595,20.100848122406425,20.319118225235854,5.08909648004298,50.11450179893635,Normal
2024-12-29 02:50:45.611308,16.34816684141432,16.47434421258414,16.0066807886307,16.416397520045567,16.43655865553299,193269,-30.776701639942917,18.348863951769925,19.994289382657833,5.122047392533262,50.12856929380631,Normal
2024-12-30 02:50:45.611308,21.082292947909874,21.589469776724396,20.63813436002696,21.31498978588887,20.792415362645883,358635,29.839629917963293,18.488247857289288,19.76196285189861,4.9392568774421965,51.07050174106109,Normal
2024-12-31 02:50:45.611308,20.22785919951907,20.76651640215933,19.481873652289206,20.200393724691423,19.97589614038082,174071,-5.229165354493115,19.56529551397059,19.544411570991567,4.811366303819289,51.37197428553321,Normal
2025-01-01 02:50:45.611308,16.741998261970913,16.785379740141426,16.542117933998348,16.749831522471936,16.85064883557999,550542,-17.08165815600803,19.679349181974498,19.23259368694224,4.778542527200443,48.37063119676739,Normal
2025-01-02 02:50:45.611308,30.719720446626628,31.236739912989417,30.550033753027353,30.70944154853069,30.325356959441027,321095,83.34179366120931,21.0782108203257,19.853246155687934,5.414368208398893,49.620358110379726,High
2025-01-03 02:50:45.611308,23.169595111590056,23.325311793676615,22.758772521083294,23.28558043016824,22.87158087085514,613317,-24.174523351818,22.45204740235023,19.8435914472172,5.407731315968145,56.604324329107975,Normal
2025-01-04 02:50:45.611308,9.874287066711965,9.90557619927659,9.7324730536947,9.767541458071996,9.72975963752357,130651,-58.05326181426251,20.142557736786856,19.524420402393897,5.81052344946527,42.91575127042096,Low
2025-01-05 02:50:45.611308,20.93227157384714,21.968377395431894,20.622151471501088,20.63710995993717,21.218939911138506,170202,111.28254278237493,20.229900983836007,19.60315785394499,5.814600768065767,54.57640447956612,Normal
2025-01-06 02:50:45.611308,16.69106767615806,16.960089168265203,16.496109537035604,16.594892045854106,16.809995719199566,148777,-19.58713173467711,20.198913088512437,19.56638614307418,5.832030053285056,49.5712012180218,Normal
2025-01-07 02:50:45.611308,24.26216667398112,25.244632113497282,24.211103074841272,24.411146637395344,24.155353510398275,248066,47.100364196065804,18.939254106285368,19.778043688368864,5.931364340853659,49.59148650936551,High
2025-01-08 02:50:45.611308,16.037396307836495,16.24158496266317,16.023063739091487,15.893951477452967,15.939505122313491,953695,-34.89059848952329,17.460928315742315,18.996340471689727,5.297684225828131,47.58015781219269,Low
2025-01-09 02:50:45.611308,19.426317792665504,20.08827221558994,18.466927340968347,19.52739239962526,19.338726408000454,290706,22.860526077021582,19.41289850405297,19.432586337179327,4.934199034484344,52.46862219610094,Normal
2025-01-10 02:50:45.611308,22.524936394902287,23.38114060438468,22.04315826345987,22.842478563395225,22.71053299451703,724446,16.97659419100721,19.85397222474458,19.409606770204142,4.916267212799417,53.42062202159329,Normal
2025-01-11 02:50:45.611308,24.328775970850607,25.053334044840998,23.861266125931806,24.032379015626148,24.44655445420095,897232,5.209156479795163,21.341469618698987,20.014275152203183,4.6874509596611516,50.17421955610722,High
2025-01-12 02:50:45.611308,13.998517964721119,14.328586352078824,13.522815229898477,14.071003180302819,13.866314099763686,924255,-41.44981164306005,19.273440927280483,19.847938494074498,4.841675341840025,48.74859309218419,Low
2025-01-13 02:50:45.611308,18.327493820795258,18.704894411254493,18.127491481734683,18.296566295551763,18.148311046507676,863935,30.030290385862934,19.75396389090024,19.503950890190676,4.685044269459545,48.37784177420384,Normal
2025-01-14 02:50:45.611308,17.62527344419522,17.932718373886352,16.788107162770512,17.819931681188198,17.412921849489827,426022,-2.6050495304107635,19.41247174721283,19.364043961335486,4.691797635988037,48.711861563639076,Normal
2025-01-15 02:50:45.611308,16.73335383713144,17.51106084076268,16.075444368917456,16.57128283284436,16.81382590102595,380852,-7.007034991396665,18.158232601102657,19.45185033091346,4.618038230486082,49.90102336814602,Normal
2025-01-16 02:50:45.611308,28.827271201405484,30.024495748077868,28.698397440803234,28.993857618363062,29.055905474368593,768179,74.96447264117114,19.15052832165004,20.09256505270899,5.012253394189066,49.032496647364745,High
2025-01-17 02:50:45.611308,22.024908554804778,23.087640027822562,21.565049634759404,22.248317304869207,21.86966362688178,830265,-23.265411599530005,20.78599114656332,20.019224250113716,4.966984083622377,49.41052564645062,Normal
2025-01-18 02:50:45.611308,13.695580228324774,13.780696358144988,13.093578462754436,13.878257719728587,13.498752126725243,688158,-37.621090487183814,19.902329431398684,19.89231726009787,5.094665366059108,52.481295871411525,Low
2025-01-19 02:50:45.611308,24.58930973527388,25.48788607143488,23.427794319626123,24.72448801105365,24.281086426736024,633571,78.15267961126449,21.283240697371774,20.062792171356108,5.200715192688221,52.4679038674919,High
2025-01-20 02:50:45.611308,30.610780985063165,32.046947695721805,29.8954047204153,30.60818650465809,31.040427816812326,785933,23.797048864971426,24.09062143173452,20.58318181035444,5.710892785414664,58.27698153958735,High
2025-01-21 02:50:45.611308,25.162326302755734,25.390338580141197,24.39058342609841,25.2512856241104,25.007913745074354,965139,-17.50152979410412,23.342107032883987,21.008254515436363,5.726919418150539,50.51107790533131,High
2025-01-22 02:50:45.611308,12.403150170229933,12.444388329725427,12.299562814384629,12.540417687861009,12.503326624188086,524149,-50.33750805983841,21.400527109482347,20.09980332240288,5.545221146473733,48.058994792973216,Low
2025-01-23 02:50:45.611308,17.578829635668743,18.23023131733605,16.707650414714657,17.616066736872195,17.64457282482865,630062,40.474322110693016,22.14808891291107,19.816327637738077,5.5186414998463835,48.911901803186744,Normal
2025-01-24 02:50:45.611308,26.334555745933113,27.090980457111918,26.029507179191242,25.963544301270357,26.241283731704737,303127,47.385592306630244,22.395900170954413,20.626127779897995,5.141919156827404,51.680501849730085,High
2025-01-25 02:50:45.611308,16.461652671906094,17.154547318516606,15.68570652047698,16.6744765042515,16.31630644990646,242055,-35.77734876730353,19.609158170873094,20.427996107113714,5.217266998264706,46.35604128302961,Normal
2025-01-26 02:50:45.611308,22.219097140731144,22.37437794142366,21.497369040675547,22.345430539489264,21.966723582119656,720756,34.009787556399964,19.027987153948864,20.71552303179547,5.152965712767203,54.27973451783828,Normal
2025-01-27 02:50:45.611308,23.873170267146683,24.822447864343044,23.147740068059033,23.999588290539403,23.955541992214336,982766,7.402666724755558,21.319821274484546,20.694945114452672,5.138231514717636,53.030348146552406,High
2025-01-28 02:50:45.611308,15.365347642109585,15.52025133544361,14.971465781915375,15.234285138308618,15.49194294752258,904565,-36.522722998902665,20.84346495477183,20.661961797495458,5.172673890473365,48.73731858160407,Low
2025-01-29 02:50:45.611308,19.702373219691,19.86359374298903,19.475136083642045,19.796285844702297,19.787430879026054,625069,29.945617171900807,19.610013263458217,20.67540646974931,5.169918457663641,51.525538455655784,Normal
2025-01-30 02:50:45.611308,9.0,9.073919609068946,8.920562385597522,8.971343389526622,9.008181575977272,214586,-54.68168392846554,18.06938664051324,19.98184971105588,5.760580891282257,40.383301597053126,Low
2025-01-31 02:50:45.611308,14.878061793328552,15.484026444472843,14.714041421172409,14.945563400656923,14.673615453264272,549916,66.59225660790958,16.589413212746773,19.527508930307416,5.782598364909501,46.46634772328809,Low
2025-02-01 02:50:45.611308,18.7371592430342,19.360354555644623,18.562493072694625,18.51601937188104,19.000503707915012,389768,23.88973821533673,15.4926994290151,19.749759739886326,5.645641918781848,52.35343093146271,Normal
2025-02-02 02:50:45.611308,13.761084090175753,14.120981454921322,13.224687715368377,13.826247765472205,13.88440302348438,631111,-25.328184812394706,15.211091954447818,19.52624381338235,5.79277779182329,44.10111767161716,Low
2025-02-03 02:50:45.611308,28.162056519658176,28.667326738401293,27.669044152777506,28.583992046813577,27.987019794296522,642777,106.73716059244475,16.968633194870073,20.06444683166362,6.116876002431792,49.00039299255804,High
2025-02-04 02:50:45.611308,12.849293110196836,13.412863453463377,12.812131234924767,12.675138432106667,13.034311493580722,271033,-55.65651427782412,17.70939220338608,19.86963961162673,6.29347178638702,44.37567875912273,Low
2025-02-05 02:50:45.611308,17.799777566515083,18.149049347474584,16.937287003733523,18.054585396703764,17.85418165552457,612880,42.44093264473332,18.331196602595448,19.32267600054377,5.923226535057691,52.6391142604361,Normal
2025-02-06 02:50:45.611308,20.653702886430455,21.496992996434038,19.741030332267673,20.596022026820805,20.70477287924212,391262,14.076405379992995,18.747197133583406,19.24006123664135,5.891712145947438,51.461681930516995,Normal
2025-02-07 02:50:45.611308,27.206366445330577,27.803729707405484,25.944328015975522,27.50897207225296,27.408841540075123,200417,33.56449141698279,21.483741994939553,19.921596954267567,6.025687551809894,50.768859553934796,High
2025-02-08 02:50:45.611308,12.820689244102804,13.062323613700423,12.182919043068958,12.929300540247503,12.940602351166907,181816,-52.99969585817895,18.35280369362634,19.33183758072726,6.10753384303822,48.229932700900264,Low
2025-02-09 02:50:45.611308,25.815818760774796,26.41304163533083,25.591356348914296,25.867721150204495,25.93700746177905,777623,100.07053799763645,20.991320237245905,19.09481431300458,5.727016085481784,51.5577171731133,High
2025-02-10 02:50:45.611308,20.051165305097935,20.353314183806145,19.653909594005786,20.194600840444984,19.827451895079523,375709,-21.931272093191957,21.41932332599415,18.84198007382131,5.549795823533927,48.37502499665917,Normal
2025-02-11 02:50:45.611308,15.092456744760245,15.6566198563746,14.520272674921397,15.263838636845023,15.019228524660237,775714,-24.416239976998288,20.352886647998993,18.97815112127051,5.418909370416496,50.013048616937304,Low
2025-02-12 02:50:45.611308,22.310517371316354,22.871314971120015,21.534088366822182,22.246357000745952,22.597040396132474,274023,45.745493843507965,19.300363633697593,19.209665634464198,5.456434699339642,51.05913010617421,Normal
2025-02-13 02:50:45.611308,20.99529847786735,21.23906722011522,20.833743953460992,20.886353765874766,20.821845155102853,977611,-6.113375034058766,20.891774278823043,18.95580610769442,5.239467760195509,55.609736560982824,Normal
2025-02-14 02:50:45.611308,16.998915614206027,17.763505227195015,16.305501691856552,17.084382788766863,16.93372495497106,647936,-18.203134064116856,19.13510660653552,18.976301421920187,5.230868827468296,51.02801041577177,Normal
2025-02-15 02:50:45.611308,20.349010424950094,20.739600748238608,20.120653248145796,20.536941233405333,20.307545378438185,543945,20.20885675137505,19.203574685127585,18.88587695661599,5.184992610486745,50.97244579933095,Normal
2025-02-16 02:50:45.611308,18.0734320156912,18.564625299805105,17.871174393420656,18.21564379225455,18.040577221713775,141971,-11.30303395607407,19.793935716209493,18.596679731701748,5.044148706201402,52.16139620085276,Normal
2025-02-17 02:50:45.611308,20.56758672625624,21.499783914116037,20.015373325624157,20.751345967791124,20.63727356598974,118658,13.920464214472483,19.494933509618527,18.872532773175873,5.001264463337699,45.61533868120442,Normal
2025-02-18 02:50:45.611308,23.310653372605234,24.038223149843276,22.61956250801173,23.265605522010997,23.62050499074854,121253,12.116127590578184,19.970783860845774,19.045998757041307,5.094291117985231,56.97437606189162,Normal
2025-02-19 02:50:45.611308,27.93008408072676,28.0933326860196,27.119991252777762,28.196398172171772,27.71280984988886,557382,21.193485144824088,22.193186937526754,20.007251496173563,4.903464028050515,56.71861570290874,High
2025-02-20 02:50:45.611308,13.810922505865754,14.4599199372532,13.747746624785398,13.653564606724572,13.654100051051207,279635,-51.57691942299263,20.816511612190602,19.94265155647695,4.981547094723461,46.031832114127965,Low
2025-02-21 02:50:45.611308,30.665166873281333,31.627605483038213,29.31979268441463,30.706094841671668,30.38685333590522,257462,124.89434610027396,23.314601822074028,20.552155329966478,5.514988918476846,51.6375944087541,High
2025-02-22 02:50:45.611308,10.239561002387491,10.411025325953657,10.103579610471304,10.087736572015556,10.358419235958557,450808,-67.14744540446951,21.181879942918915,20.365229770293645,5.8104006417076635,48.62931819095638,Low
2025-02-23 02:50:45.611308,19.241074524822082,19.375061741289215,19.116474212198135,19.13981981123412,19.325241226206792,806938,89.73354106341351,20.35672280076354,19.893021158514674,5.481779933153823,46.62825353791547,Normal
2025-02-24 02:50:45.611308,22.941586032422883,23.852395892000654,21.922121505649645,22.849678506831317,22.79423689801406,310097,19.382934281438203,19.287378867695445,20.401748162250907,5.243623906640768,51.357324934578884,Normal
2025-02-25 02:50:45.611308,21.404959338675162,22.068590945058663,20.38217526559757,21.338286759244724,21.607844280129225,728138,-6.6144989617019645,20.824323298199477,20.565933230377954,5.217607026493476,53.217870190334935,Normal
2025-02-26 02:50:45.611308,16.88650240089703,17.336917001419195,16.158586396955396,16.98552512454898,17.069570660233126,762212,-20.39883371990926,18.08020935477494,20.385408385264363,5.2786146061747985,47.13326167478392,Normal
2025-02-27 02:50:45.611308,18.959388748213623,19.806771597274018,18.19199225028178,18.896002639787987,19.1564797498354,620498,11.247680017133055,19.841862568329425,19.954759913641112,5.011437858590473,48.9218836075896,Normal
2025-02-28 02:50:45.611308,17.534995326705836,18.226397747379604,16.9605120732875,17.50800561407951,17.755371570993915,326058,-7.345453174238381,19.515499728898504,20.183695167332715,4.772492336777094,50.235626403739495,Normal
2025-03-01 02:50:45.611308,17.053176215278942,17.182503137854635,16.5834828247548,16.91890502973091,16.926423889021898,757911,-3.364749802655187,18.329345033478422,19.736254361309037,4.6288774173832055,47.9213723404866,Normal
2025-03-02 02:50:45.611308,24.248010485105123,24.62594248352238,24.142547691785264,24.155808728538922,24.43353826597656,958379,42.77406656099134,18.89284942733726,19.934314755713736,4.7330942236630245,53.23027987808561,High
2025-03-03 02:50:45.611308,21.785077429825236,22.055745187391675,21.34016818616493,21.606833861199117,21.759287926606156,685289,-10.552223260189642,19.81711117466729,20.25146451693144,4.614700373644933,50.46514978898403,Normal
2025-03-04 02:50:45.611308,16.535452023696728,17.150526435148855,16.227323369054737,16.323730073915375,16.705105043601346,280231,-24.45107793775828,19.30265666149277,19.95533317058991,4.669652064008113,46.335858217802,Normal
2025-03-05 02:50:45.611308,24.497999377166252,24.53907325542985,24.1798269755274,24.574027884453024,24.665926311170058,222775,50.54174366507858,20.71586111556747,20.139716876518822,4.779853290359169,48.152731658893835,High
2025-03-06 02:50:45.611308,21.536497604383047,22.150168996032736,20.757500827112214,21.64517904037625,21.715108897461423,657531,-11.918472860241758,21.661115917696538,20.367756689099288,4.734999910445074,54.62302782820338,Normal
2025-03-07 02:50:45.611308,24.0643105941948,24.98171272564008,23.467665208941792,24.150574178176296,24.177048403142326,777160,11.574841368262923,21.66006900762401,20.54843833633784,4.810145125718746,45.44030726420484,High
2025-03-08 02:50:45.611308,23.14814420961806,24.16291907950799,23.054340734944358,23.12279285545963,22.924136448752385,962371,-4.255722100576076,21.963260806476114,20.793795789498095,4.810043175688882,62.46301012322769,Normal
2025-03-09 02:50:45.611308,15.855024945389639,16.126210678352297,15.680474437416137,15.797844961768174,15.876442033059389,419972,-31.67847387415369,21.858083784046677,20.546120739196944,4.938168506444318,46.69555313011463,Low
2025-03-10 02:50:45.611308,17.199094799015153,17.905338910887036,16.61152318659319,17.38656509549489,17.449171222904035,361716,10.05656238285364,20.42059122625505,20.25216871787114,4.942744253356011,44.36172826487233,Normal
2025-03-11 02:50:45.611308,23.736468025616308,23.86776835995909,23.646114140013598,23.750056051099033,24.047929461272158,500455,36.60004676399833,20.8415666283996,20.029851611817502,4.658436775233392,52.262498627577436,Normal
2025-03-12 02:50:45.611308,23.051851327167324,24.027465946397534,22.07075656560187,23.037454439313617,22.735930593424747,368854,-3.0004207579646613,20.618942680627068,20.499046103446958,4.450342387568728,56.093530924227004,Normal
2025-03-13 02:50:45.611308,19.89549203017926,20.02231451344747,19.402932841080386,19.61236449520325,19.695431805310584,514600,-14.867484396476648,19.916857008575793,19.944359586123532,3.7469581883886574,50.6999377651158,Normal
2025-03-14 02:50:45.611308,20.58663691654391,20.995577376660098,20.0919538478245,20.48859171657272,20.359192935712873,271918,4.46772861876894,20.855006359536702,20.46440234335139,2.9423272173730473,52.94166877689898,Normal
2025-03-15 02:50:45.611308,26.388324478942124,27.44028891982951,25.606692036669795,26.293481372377794,26.567221414654547,319055,28.332301878560262,22.63638961491328,20.822085421408577,3.196654496117908,58.388541403942845,High
2025-03-16 02:50:45.611308,17.04214305582085,17.169888767992774,16.339426505985408,16.990414756562497,17.204615347394746,400135,-35.381646439518235,21.284461356005977,20.529122233895134,3.2687307786492785,43.816906200986075,Normal
2025-03-17 02:50:45.611308,22.735486905850188,22.99609401057317,22.340106321250467,22.79016964137356,22.54008314845263,834417,34.13545206464676,21.235004396417963,20.601716378001576,3.3035834380985603,50.96686897963684,Normal
2025-03-18 02:50:45.611308,18.98903673783053,19.674780765590953,18.3452930563412,19.00817913765897,18.992370847874856,500187,-16.59483261084953,21.114167324909108,20.702849078657078,3.216876324120694,52.24854208419157,Normal
2025-03-19 02:50:45.611308,18.9115939838639,19.592445915499244,18.376649323524784,18.97281370297492,19.10489110390852,522355,-0.186053774156536,20.811011722189548,20.706689631816424,3.214650719829969,44.5596219095392,Normal
2025-03-20 02:50:45.611308,25.49388425993595,26.311151437251432,25.153504869244443,25.696471356300428,25.671934729070102,971877,35.43837913862635,20.691609718974075,21.11611291892747,3.3059706705138328,53.664803663105715,High
2025-03-21 02:50:45.611308,24.12708174494015,24.964229287261738,23.067142869722822,24.353624720030258,24.15765356022754,308139,-5.225801697247134,22.164251711667628,21.487848903442433,3.2262131554627342,50.18762606405079,High
2025-03-22 02:50:45.611308,24.067548180003193,24.72065051443988,23.107943720252543,24.225038809390743,24.132781601795248,180257,-0.5279949581129761,22.451225545271065,21.491310407485024,3.2292620509289502,51.03572671521766,High
2025-03-23 02:50:45.611308,26.527394035771646,26.86137267844471,25.654043472193607,26.88990973302847,26.534047541443726,577958,11.000481545584574,24.027571664344965,21.755464201076496,3.4478866063434754,61.42306920029873,High
2025-03-24 02:50:45.611308,20.105019208163796,20.452530437642874,19.24997110808615,19.81444091278902,19.982910439915067,924143,-26.312728047386337,24.195897106307783,21.929999743020176,3.2405741988218515,52.24645620300064,Normal
2025-03-25 02:50:45.611308,23.40976485647482,23.622322848914525,22.39460719118216,23.19611188189548,23.45542934337469,106530,17.066698899002475,23.695825211426797,21.8611039428923,3.1957399615354816,49.45751407512601,Normal
2025-03-26 02:50:45.611308,18.44866621703272,19.286651276068724,17.79524861113675,18.176121972460617,18.553206673757487,373260,-21.641514470159784,22.460324661912864,21.68765108949652,3.300502950868952,45.60962127145364,Normal
2025-03-27 02:50:45.611308,21.62083176244221,22.251502554753586,20.715985544668573,21.71648754196074,21.862978321148937,690082,19.478112959762672,21.958614408426865,21.56594675768574,3.249385993479604,51.89633239744228,Normal
2025-03-28 02:50:45.611308,19.349284728161578,19.73709413799391,18.67450603308128,19.58033292082577,19.428398934585513,310545,-9.836556749831093,20.496699045986325,21.388823760954047,3.256597504139292,49.19961230501686,Normal
2025-03-29 02:50:45.611308,20.48497982496359,20.9581888032969,19.788346325581347,20.327337025582175,20.64545190750937,757258,3.8150735627272336,20.599278268544957,21.61529836414475,2.9942489965544192,44.22789004231378,Normal
2025-03-30 02:50:45.611308,22.97578512718457,24.064014050458717,22.26513102202939,23.270128745478317,22.741481494967,628423,14.47701544079585,20.61408164126152,21.90947654664392,2.842075561853416,56.92811370323205,Normal
2025-03-31 02:50:45.611308,15.908896583832638,16.030879164490607,15.310152025050012,15.699026765459973,15.89054923891633,471616,-32.535711610489074,20.118662599861395,21.506925082361967,3.1238595934388655,42.47094703872802,Low
2025-04-01 02:50:45.611308,30.461936378427303,31.354821170728894,30.220365447090735,30.858949256698693,30.013535109035313,578336,96.56600194218818,21.947154942808986,21.89799982323122,3.7519856035581802,60.13409553221992,High
2025-04-02 02:50:45.611308,14.96991309250149,15.348568570370533,14.3105851569548,14.903277228193842,14.856147231023337,875158,-51.705169530492945,21.0117438042826,21.66254545988075,4.039696207971132,47.2647326107971,Low
2025-04-03 02:50:45.611308,13.92905693606134,14.354905979019595,13.321859029196343,13.76250197683957,14.023688879770752,713375,-7.654526141378937,19.698776794534076,21.32624097289409,4.4059425724594306,41.327967314209985,Low
2025-04-04 02:50:45.611308,25.790554367500338,25.813907951522175,25.752839185340115,25.77962311261567,26.171075906162944,820391,87.317852204485,20.200675667961548,21.300548059905985,4.3768542047611385,50.897063137008615,High
2025-04-05 02:50:45.611308,23.95831346981468,25.003044369564886,22.969054640881964,23.78349677280199,23.67022296774499,919812,-7.74303926435932,21.81756966942995,21.64020216071796,4.287439972998752,49.72861261851665,Normal
2025-04-06 02:50:45.611308,23.120599085260775,24.198155740728048,22.971621658259565,22.971383063677354,23.05227377234306,379215,-3.414610210107294,20.240056430825685,21.64926283183315,4.290188711307037,47.53540245159885,Normal
2025-04-07 02:50:45.611308,23.1417275463214,23.79563545442173,22.753966085276375,23.00793825250786,23.3500523643873,120074,0.15913359996293508,21.86098863568849,21.849250787575592,4.2536636627746045,52.20370789008399,Normal
2025-04-08 02:50:45.611308,19.938766135765427,20.63328402854391,19.19753427365497,20.120025011064403,19.761731207795787,846084,-12.551812377750426,23.132493242533453,21.906611352980068,4.22043876092339,47.86274827886291,Normal
2025-04-09 02:50:45.611308,15.513728142570843,16.22929837313456,15.389028876394773,15.53195426457252,15.539365330417532,692131,-22.80350419032189,21.082959472924824,21.398385498393672,4.350059328839228,48.15175079947724,Low
2025-04-10 02:50:45.611308,20.37902279096863,21.099664403334945,19.545554359629474,20.263661849987226,20.521515748579912,139901,30.464341478312583,20.378992488361874,21.193887354891523,4.299663855963137,49.00112406681847,Normal
2025-04-11 02:50:45.611308,16.61419144243944,16.740907085510642,15.922929615520097,16.669184640394327,16.672001576694246,373349,-17.738537270326415,19.118552803705267,20.8160946464417,4.350956247675535,48.03781666604364,Normal
2025-04-12 02:50:45.611308,24.875598667088756,25.592374565289976,24.244420483012178,25.03690498979666,24.642781522215795,892338,50.19873815018456,19.524346151163027,20.72344440928011,4.232940461330136,52.8786362149008,High
2025-04-13 02:50:45.611308,19.264713092489306,19.849122657362408,19.25856199316579,19.13330309078971,19.18113384869883,495807,-23.57959940101565,19.32700176710809,20.689387518180144,4.243366207534442,47.55976572771058,Normal
2025-04-14 02:50:45.611308,15.872514016037442,16.209115017281366,15.644713176439641,15.831348223105307,16.007648688343863,687275,-17.257631115841576,19.386880558814646,20.321149335240637,4.332993800468162,50.08219364060144,Low
2025-04-15 02:50:45.611308,18.393070791735035,19.070344339735573,17.825711767584437,18.184430516157242,18.422992555131614,442829,14.863435886134413,18.97103429204865,20.321564762425467,4.3327777142211055,40.63739049395762,Normal
2025-04-16 02:50:45.611308,22.06465727137812,23.09548166870607,20.982180434498694,21.853597361679924,21.73714910122203,472598,20.17751857701868,20.00791683630577,20.32842025341143,4.335208767299564,56.2728083251713,Normal
2025-04-17 02:50:45.611308,17.181377235980126,17.976504324879947,16.6386059084567,17.27473286117443,17.31590265707456,467631,-20.95245201384779,18.45548241058132,20.21314025042886,4.386499914605985,52.98463788355771,Normal
2025-04-18 02:50:45.611308,15.888898022167844,16.247065061998768,15.68249839190172,15.73705021395072,15.667396307365427,678688,-8.901339659380248,17.776231835213526,19.983625909847284,4.49885981447978,39.61665343873664,Low
2025-04-19 02:50:45.611308,21.218436057459563,21.33857276920675,20.545805583895373,21.23445388687943,21.374858654140773,256222,34.93287241375973,18.856852967968347,19.881842166917345,4.443275961373656,47.54239547339363,Normal
2025-04-20 02:50:45.611308,21.224832855543614,22.26998734740505,20.6517778840983,21.357942014467657,21.03538884409058,131852,0.5815460489168922,19.49155526763043,20.164787929367726,4.341919803963722,48.42350225756492,Normal
2025-04-21 02:50:45.611308,17.46528412314435,18.19786379465137,16.784273053222325,17.2593039361389,17.705295627531225,613012,-19.190229449786788,18.572696582522227,19.484805663339735,3.5764015816744887,44.796087518983335,Normal
2025-04-22 02:50:45.611308,17.644808471908387,17.7547909285797,17.550425827793184,17.680439808603516,17.57490366740182,939188,2.4400513139050117,18.653837972008045,19.623663792360222,3.4404866465023445,47.68834172141845,Normal
2025-04-23 02:50:45.611308,21.16024968678818,22.134511894699965,20.3550726650104,21.005713918390107,21.050384580452928,477501,18.807643620768253,19.707570712895922,19.985824389437745,3.1609097432300675,55.31389659499223,Normal
2025-04-24 02:50:45.611308,12.759578292513378,13.314553829418594,12.414261628126445,12.936780843762454,12.625177080176773,743340,-38.41303897585434,18.048036104272526,19.343682275995086,3.225797649860666,43.31993907866924,Low
2025-04-25 02:50:45.611308,12.962681128117223,13.298957742700082,12.338533214369685,12.956282352075053,12.887084411099707,156481,0.15074467557361082,16.367704171794006,18.80232155495874,3.3477025546634436,46.37881846286578,Low
2025-04-26 02:50:45.611308,16.40777889373782,16.892854724487886,16.127310748223522,16.558398636733074,16.593178966344873,887715,27.80208231631438,16.22752311191284,18.481672333611527,3.2325070377417653,40.88349192880454,Normal
2025-04-27 02:50:45.611308,18.932764241440765,19.310475447644293,18.333900183606815,18.96129205987998,19.214673671417618,133691,14.511629269610271,16.483693562168135,18.279340023980133,3.0561165405134565,49.7999878027286,Normal
2025-04-28 02:50:45.611308,21.554537827990025,21.613555918765634,20.55006607514175,21.259291873019016,21.46938201180175,494341,12.119426281088463,16.534409153093918,18.336303367077864,3.102496560298142,56.462425412782196,Normal
2025-04-29 02:50:45.611308,27.376781084747762,27.83561215998532,27.23646176563487,27.48613876657088,27.334574819554536,298137,29.29000142970233,19.4442807376556,18.934012592177783,3.6389284196274616,60.13921891607822,High
2025-04-30 02:50:45.611308,24.288298116010097,25.26329531116086,23.150113870969292,24.617212684392456,24.450109870509202,650458,-10.437719559459035,21.77646680411908,19.151690133898043,3.8469217134321823,53.06593462128071,High
2025-05-01 02:50:45.611308,19.200307350182864,19.204754163449937,18.539926485683957,19.258836695499497,19.42275968065106,632726,-21.766785937914978,22.316554415872368,19.2811727366533,3.8022891905874507,52.163727131820146,Normal
2025-05-02 02:50:45.611308,19.904918960486555,20.236832659781633,19.837404402286246,20.095521811885966,19.960480158438166,906527,4.344421885990601,22.543400366273563,19.03410357775777,3.561523224904996,54.8268478652861,Normal
2025-05-03 02:50:45.611308,14.987353176810956,15.2857279185508,14.761820813251719,15.160100315581438,14.93858089665045,771514,-24.559807615373085,21.32356205478605,18.835443438997352,3.6650069983887876,43.18808433493325,Low
2025-05-04 02:50:45.611308,19.90743432003805,20.44234270350625,19.202539852938543,19.74503729763156,19.855250071108696,501220,30.243447514247368,19.77534176099818,19.031127892723664,3.6000743740815397,48.35577894663343,Normal
2025-05-05 02:50:45.611308,18.55670680539931,19.41018135425288,18.494216537168143,18.396401821031564,18.665607663110016,896184,-6.830250337191135,18.531179588326005,19.04172645796738,3.5977617941857445,51.228028956065046,Normal
2025-05-06 02:50:45.611308,21.613592801690448,21.98788186622657,20.984453038319312,21.685553738743074,21.291475656837232,155426,17.879321998453037,19.01652299697472,19.03332427682054,3.591039296893384,54.07307744975697,Normal
2025-05-07 02:50:45.611308,15.863845282238385,16.139045877991336,15.589493517175917,15.821502364553073,15.920759684644436,339968,-27.04128031424615,18.16171910750814,18.960662751989467,3.642824697011198,44.9866897299053,Low
2025-05-08 02:50:45.611308,22.596732571205862,23.42998849492919,21.895199475990687,22.827125220371286,22.49877099727406,388963,44.27912529668361,19.69512408846611,19.315166502310497,3.6575636105135882,59.76512323030187,Normal
2025-05-09 02:50:45.611308,27.66369456501289,28.289195514692622,27.600424882404297,27.995678090151642,27.907852118441625,595384,22.642154103434176,21.345252246970126,19.65322771247411,4.126675541425846,63.478524248080554,High
2025-05-10 02:50:45.611308,19.456199257715713,19.674697067183924,18.608359569669027,19.37064337217949,19.218633601375018,978483,-30.808450826580547,21.540100557199715,19.5538627803597,4.107348387329843,52.312201743167236,Normal
2025-05-11 02:50:45.611308,22.008558610494706,22.506435690920217,20.937304158754166,21.834825618746002,22.06679475334607,621121,12.721220453140036,21.5699549332003,19.782638864490057,4.100237001944791,52.36021417372001,Normal
2025-05-12 02:50:45.611308,23.450719958555563,23.615879885511724,22.314675795638028,23.648075717531963,23.43733397562853,255289,8.30439468785691,23.135269603796075,20.081020659936478,4.155963712719821,51.97780819274933,Normal
